ROC_AUC,PR_AUC,Precision,Recall,F1,TP,FP,FN,TN,ReconErrMean,Model
0.1025,0.06306635002906869,0.005221932114882507,0.1,0.009925558312655087,2,381,18,599,,ANN
1.0,1.0,1.0,0.65,0.7878787878787878,13,0,7,980,1.7900737524032593,AutoEncoder
0.8716836734693878,0.23462626802731684,0.02,1.0,0.0392156862745098,20,980,0,0,,GNN
1.0,1.0,1.0,0.75,0.8571428571428571,15,0,5,980,1.6298012733459473,GNN+AE
1.0,1.0,0.75,1.0,0.8571428571428571,3,1,0,146,1.5339643955230713,Hybrid_ANN_GNN_AE
