,ROC_AUC,PR_AUC,Precision,Recall,F1,TP,FP,FN,TN,ReconErrMean,BestThreshold
ANN,1.0,1.0,1.0,1.0,1.0,3.0,0.0,0.0,147.0,,0.599
AutoEncoder,1.0,1.0,1.0,1.0,1.0,3.0,0.0,0.0,147.0,1.6738381385803223,0.108
GNN,0.7165532879818594,0.3643707482993197,0.5,0.3333333333333333,0.4,1.0,1.0,2.0,146.0,,0.525
GNN-AE,1.0,1.0,1.0,1.0,1.0,3.0,0.0,0.0,147.0,1.5451910495758057,0.066
Hybrid,0.3333333333333333,0.17783783783783783,0.5,0.3333333333333333,0.4,1.0,1.0,2.0,146.0,1.5548412799835205,0.496
